id,text,predicted_positions
0,куплюайфон14про,"[5, 10]"
1,ищудомвПодмосковье,"[3, 6, 7]"
2,сдаюквартирусмебельюитехникой,"[3, 20, 21]"
3,новыйдивандоставканедорого,[5]
4,отдамдаромкошку,"[5, 10]"
5,работавМосквеудаленно,[7]
6,куплютелевизорPhilips,[]
7,ищугрузчиковдляпереезда,"[12, 15]"
8,ремонтквартирподключ,"[6, 12]"
9,куплюноутбукHP,[12]
10,ищуквартирууметро,"[4, 5]"
11,новаямикроволновкаSamsung,[]
12,срочнопродамвелосипед,"[6, 12, 18]"
13,куплюгитаруFender,[11]
14,ищурепетиторапобиологии,"[5, 15]"
15,сдаюгаражнадлительныйсрок,[21]
16,куплюдиванбу,"[7, 8, 10]"
17,ищумастерапоремонтухолодильников,"[4, 19]"
18,новыйшкафдоставкасегодня,"[5, 9]"
19,куплюXboxOne,"[5, 9]"
20,ищуподработкуповечерам,"[3, 6, 13, 15]"
21,сдамкомнатустудентке,"[4, 13, 14]"
22,куплюстаруюкнигу,[11]
23,ищусобакулабрадор,[3]
24,новыйтелефонXiaomi13,"[5, 12, 18]"
25,куплюPlaystation5диск,"[5, 16]"
26,ищукомнатувцентрегорода,"[3, 10, 11, 19]"
27,срочнонужнаняняребенку,"[6, 17]"
28,куплюстиральнуюмашинуIndesit,"[8, 21]"
29,ищудетскуюкроваткубу,"[3, 10, 14, 18]"
30,новаякурткадоставка,[]
31,куплювелосипедMerida,"[11, 14]"
32,ищуврачаофтальмолога,"[3, 4, 7, 14]"
33,сдаюквартирувцентреМосквы,"[12, 13, 19]"
34,куплюхолодильникSamsung,"[5, 16]"
35,ищукошкубританскую,"[3, 8]"
36,новыйноутбукдоставказавтра,"[5, 12]"
37,куплюшкафбу,"[7, 9]"
38,ищурепетиторапоистории,[5]
39,сдаюкомнатубезпосредников,"[4, 11, 14]"
40,куплютелевизорLGOLED,[]
41,ищуквартирунедорогосрочно,"[4, 5, 9, 11, 19]"
42,новыйайфондоставка,"[5, 10]"
43,куплюгитаруYamaha,[11]
44,ищустудиюуметро,[9]
45,сдамквартирумолодоженам,"[4, 12, 21]"
46,куплюкомпьютеригровой,"[5, 15]"
47,ищуработуповаромвкафе,"[3, 12, 16, 17]"
48,новыйдиванIkea,"[5, 10]"
49,куплюстарыйноутбук,[11]
50,ищусобакудобермана,"[3, 9]"
51,срочносдаюкомнату,"[6, 10]"
52,куплюмониторLG,"[5, 11]"
53,ищумастерапосантехнике,[]
54,новыйстолдоставка,"[5, 9]"
55,куплюайфон13мини,"[5, 10]"
56,ищудевушкудляотношений,"[3, 10, 13]"
57,сдаюдачуналето,[4]
58,куплюстиральнуюмашинуLG,[21]
59,ищуучителяанглийскогоязыка,"[21, 25]"
60,новыйноутбукAsus,"[5, 12]"
61,куплюматрасортопедический,[]
62,ищукомнатунадлительныйсрок,[22]
63,сдамквартирубеззалога,"[12, 15]"
64,куплюхолодильникAtlant,"[5, 16]"
65,ищусобакушпица,"[3, 9]"
66,новаястиральнаямашинадоставка,[13]
67,куплютелевизорSony,[5]
68,ищурепетиторапогеографии,[5]
69,сдаюкомнатусмебелью,[4]
70,куплюпылесосDyson,"[5, 11]"
71,ищуработуофицианткой,"[9, 13, 15]"
72,новыйшкафкупе,"[5, 9]"
73,куплюдиванугловой,"[7, 9]"
74,ищуквартирунадлительныйсрок,"[4, 5, 9, 12, 23]"
75,сдамгаражваренду,"[4, 9, 14]"
76,куплювелосипедStels,"[11, 14]"
77,ищуврачапедиатра,"[3, 4]"
78,новыйтелефонOppo,"[5, 12]"
79,куплюмикроволновкуSamsung,[18]
80,ищукомнатудлядевушки,"[10, 13]"
81,срочнопродамшкаф,"[6, 12]"
82,куплюPlaystation4slim,"[5, 16]"
83,ищусобакунемецкуюовчарку,"[9, 17]"
84,новаякуртказима,[]
85,куплютелефонHonor,"[5, 12]"
86,ищуподругудляпрогулок,"[3, 10, 13]"
87,сдаюквартирусемье,[4]
88,куплютелевизорToshiba,[]
89,ищумастерапоремонтустиралок,[22]
90,новыйдивансерый,[5]
91,куплюкомодбу,"[5, 10]"
92,ищуучителяпоматематике,"[10, 17]"
93,сдамквартирустудентам,"[4, 15, 19]"
94,куплювелосипедбу,"[11, 14]"
95,ищустудиюнамесяц,[]
96,новаямикроволновкадоставка,[17]
97,ищуработунавыходные,[10]
98,куплютелефонHuawei,[12]
99,"продамшкаф,почтиновый,сзеркалами","[4, 6, 11, 16, 22, 27]"
100,"ищукнигубратьякарамазовы,срочно","[3, 25]"
101,"новыймонитор,27дюймов,доставка","[5, 13, 22]"
102,"куплюковрикдляйоги,недорого!","[11, 14, 19]"
103,"ищуинструкторапоплаванию,бассейнрядом","[3, 25, 34]"
104,"сдамкомнату,толькодевушке","[4, 12, 18]"
105,"куплюшвейнуюмашинку,рабочую","[12, 20]"
106,"ищудрузейдляпутешествий,летомвгоры","[9, 12, 24, 29, 30]"
107,"новаякофеваркаPhilips,гарантияесть","[5, 9, 10, 14, 22, 30]"
108,"куплюлыжи,палкивкомплекте","[10, 15, 16]"
109,"ищуучителяповокалу,джаз","[10, 12, 19]"
110,"сдамместовгараже,сухо","[4, 10, 17]"
111,"куплюдетскийвелосипед,длядевочки","[5, 12, 18, 22, 25]"
112,"ищупекарявкафе,утро","[9, 10, 15]"
113,"новаястиралкаBosch,привезусам","[8, 19]"
114,"куплюстолписьменный,белый",[20]
115,"ищупрограммистанапроект,срочно!","[3, 24]"
116,"сдамстудиюпосуточно,метрорядом","[4, 10, 20]"
117,"куплюсковородучугунную,диаметр28","[5, 14, 23, 29]"
118,"ищурепетиторапобиологии,ЕГЭ","[5, 15, 24]"
119,"новаягазоваяплита,привезёмбыстро","[3, 12, 18, 26]"
120,"куплюмашинуВАЗбу,находу","[11, 14, 17]"
121,"ищустоликдляноутбука,складной","[3, 9, 12, 21]"
122,"сдамквартирунаночь,чисто","[10, 19]"
123,"куплюшкаф-купе,трёхдверный","[7, 15, 19]"
124,"ищукостюмнасвадьбу,мужской","[3, 13, 19]"
125,"новыйпылесосSamsung,коробкаесть","[5, 20, 26]"
126,"куплюрюкзактуристический,70литров","[7, 25]"
127,ищуучителяпошахматам,[10]
128,"сдампарковкувцентре,охрана","[4, 12, 13, 20]"
129,"куплюкроссовкиAdidas,оригинал","[14, 21, 27]"
130,"ищустолярныеуслуги,недорого","[12, 19]"
131,"новыйтелевизорLG,гарантия2года","[5, 17, 25]"
132,"куплювазудляцветов,стеклянную","[9, 12, 19]"
133,ищууборщицунавыходные,[3]
134,"сдамофис,20квадратов",[9]
135,"куплюконькиженские,размер37","[5, 11, 19, 24]"
136,ищупереводчикасанглийского,[13]
137,"новыйутюгPhilips,гарантия","[5, 9, 17]"
138,"куплюнаушники,беспроводные","[6, 14]"
139,"ищуплиточника,ремонтванной","[3, 12, 14, 20]"
140,"сдамгараж,ключинаруках","[4, 10]"
141,"куплюноутбук,недорого,срочно","[5, 13, 15, 22]"
142,ищугрузчиковназавтра,"[10, 12]"
143,"новыйроутерXiaomi,вайфай6","[5, 18, 19, 24]"
144,"куплюколонки5.1,мощные","[5, 12, 16]"
145,"ищуэлектрика,розеткиискрят!","[3, 13, 20, 21]"
146,"сдамдачунанеделю,естьбаня","[4, 17, 21]"
147,"куплюмиксеркухонный,брендовый",[20]
148,ищуфотографанамероприятие,"[3, 8]"
149,новаямультиваркаRedmond,"[5, 12]"
150,"куплючайникэлектрический,новый","[6, 11, 25]"
151,"ищупылесос,моющий","[3, 7, 11]"
152,"сдамкладовку,центргорода","[13, 17]"
153,куплюкамерувидеонаблюдения,"[5, 11, 17]"
154,"ищуняню,графикгибкий","[8, 14]"
155,"новыйсмартфон,запечатанный","[5, 14]"
156,куплючемоданнаколёсах,[]
157,ищупарикмахеранадом,[]
158,"сдамсклад,50метров",[10]
159,"куплюпроектор,дляфильмов","[14, 17]"
160,ищугитариставгруппу,[3]
161,новыйкухонныйкомбайн,"[5, 13]"
162,"куплюдиван,тканьсерая",[11]
163,ищуплитуэлектрическую,"[3, 8]"
164,"сдамстудиювцентре,уютная","[4, 10, 11, 18]"
165,куплюмясорубкуручную,[14]
166,ищушеф-поваравресторан,"[3, 10]"
167,новыйматрасортопедический,[5]
168,"куплютренажёр,вело",[14]
169,"ищуадвоката,консультация","[3, 8, 12]"
170,"сдамофис,арендапомесячно",[9]
171,куплюкартинумаслом,[13]
172,ищубухгалтеранаполставки,"[3, 6]"
173,новаяпечьмикроволновая,"[5, 9, 20]"
174,куплюлодкурезиновую,[5]
175,"ищулогопеда,занятиядома","[7, 12, 19]"
176,"сдамквартиру,ремонтсвежий","[4, 5, 6, 13, 19]"
177,"ищумебельщика,кухняподзаказ","[5, 12, 14, 19, 22]"
178,новыйкулердляводы,"[5, 13]"
179,куплюстолскладной,[]
180,"ищуводителя,ночныесмены","[3, 12, 18]"
181,"сдамквартиру,толькорусским","[4, 13, 19]"
182,куплюплатьевечернее,"[5, 11]"
183,"ищухирурга,консультациясрочно","[5, 11, 23]"
184,новыйфильтрдляводы,"[5, 14]"
185,куплюкреслоофисное,[]
186,ищумассажистанадом,"[4, 12]"
187,сдампомещениеподсклад,"[4, 13]"
188,куплютелефонOppo,"[5, 12]"
189,"ищупсихолога,опытобязателен","[6, 13, 21]"
190,новаяколонкаJBL,[5]
191,куплюджинсыLevi’s,[11]
192,"ищудомработницу,центр","[3, 6, 16]"
193,"сдамдом,участок6соток","[4, 8, 15]"
194,куплюконструкторLego,"[5, 16]"
195,ищухудожникадляпортрета,"[11, 15]"
196,"новыйблендер,гарантия","[5, 13]"
197,"куплювидеокамеру,недорого","[5, 11, 17, 19]"
198,ищурепетиторапохимии,"[5, 13, 15]"
199,"сдамдачу,лесрядом","[4, 9, 14]"
200,куплюзимниешины,"[5, 11]"
201,ищугидапоМоскве,"[3, 9]"
202,новаялюстрапотолочная,[7]
203,"куплюковёр,шерстяной",[11]
204,ищуарендугаража,[3]
205,сдамквартирусбалконом,[4]
206,куплюудочкудлярыбалки,"[5, 11, 14]"
207,"ищукомпозитора,музыка","[3, 15]"
208,"новыйтостер,черный","[5, 12]"
209,куплюстоловыеприборы,[13]
210,ищуинженерапоремонту,[3]
211,"сдампарковку,центр","[4, 13]"
212,куплюрезинузимнюю,[11]
213,ищуактерадлясъемок,[12]
214,новаяплитаэлектрическая,[5]
215,куплювидеокартуRTX,"[11, 15]"
216,"ищуюриста,оформлениедоговора","[4, 10, 20]"
217,"сдамсклад,сухоепомещение","[10, 15]"
218,куплюкомодбелый,[10]
219,"ищуплиточника,срочно","[3, 12, 14]"
220,новаялампанастольная,[6]
221,"куплюскейтборд,новый",[15]
222,сдамкомнатусремонтом,[4]
223,куплюроутерTP-Link,[]
224,ищупарнядлясъёмок,"[8, 11]"
225,"новыйковёр,мягкий","[5, 11]"
226,куплючасыCasio,[9]
227,ищупоставщикаовощей,"[3, 12]"
228,"сдамстудию,центргорода","[4, 11, 18]"
229,куплюпылесосмоющий,[5]
230,ищудизайнераинтерьера,"[3, 6, 19]"
231,"новыйхолодильник,белый","[5, 17]"
232,"ищуняню,полныйдень","[8, 14]"
233,сдамквартирустехникой,[5]
234,куплюплитугазовую,"[5, 10]"
235,ищуврачакардиолога,"[3, 4, 9]"
236,новыйчайникэлектрический,"[5, 11]"
237,куплюстульядеревянные,[11]
238,ищуповаравкафе,"[3, 6, 10]"
239,сдамдомнамесяц,[4]
240,куплюавтомобильбу,"[5, 6, 15]"
241,ищупрограммистаpython,[3]
242,новаяпосудомойкаBosch,[5]
243,куплюкамеруCanon,"[5, 11]"
244,ищуработубариста,[5]
245,"сдамстудию,срочно",[4]
246,куплюайфон15про,"[5, 10]"
247,сдамквартирувцентре,"[4, 6, 12, 13]"
248,ищуработупрограммистом,"[3, 9, 13]"
249,новаямебельвналичии,"[11, 12]"
250,куплютелевизорSamsung,[21]
251,ищутаксидоаэропорта,"[8, 14]"
252,срочноотдамкотенка,"[6, 11]"
253,куплюхолодильникбу,"[5, 16]"
254,сдаюдачусбаней,[]
255,куплювелосипедновый,[14]
256,ищустудиюбезмебели,"[9, 12]"
257,сдамкомнатунамесяц,"[4, 12]"
258,куплюмониторSamsung,"[5, 11]"
259,ищусобакухаски,[3]
260,новаякурткадоставказавтра,[]
261,куплютелевизорLG,[5]
262,ищуучителяиспанского,"[3, 10, 11]"
263,сдамгаражсрочно,[4]
264,куплюноутбукLenovo,"[5, 12]"
265,ищуквартирупосуточно,"[4, 5, 9, 11]"
266,новыйстолистулья,"[5, 9]"
267,куплютелефонPixel,"[5, 12]"
268,ищуврачастоматолога,"[3, 4, 12]"
269,сдаюофисваренду,"[4, 9]"
270,куплюгитаруGibson,[11]
271,ищуработукурьером,[14]
272,новыйноутбукMSI,"[5, 12]"
273,куплюмикроволновкуLG,[18]
274,ищудевушкудляпрогулок,"[3, 10, 13]"
275,сдамскладнедорого,[]
276,куплюайпадбу,"[7, 10]"
277,ищусобакутаксу,[3]
278,куплюкомпьютерMac,"[5, 13]"
279,ищурепетиторапофизике,"[5, 15]"
280,сдамквартирупосуточно,"[4, 12]"
281,куплюдиванкожаный,[10]
282,ищуработудизайнером,"[9, 12]"
283,новыйхолодильникдоставка,"[5, 16]"
284,куплютелевизорOLED,[5]
285,ищустудиюсремонтом,[9]
286,сдамкомнатубезмебели,"[4, 11, 14]"
287,куплюпылесосXiaomi,"[5, 11]"
288,ищурепетиторапорусскому,[13]
289,новаямебельназаказ,[14]
290,куплюнаушникиSony,"[6, 13]"
291,ищумастерапомебели,[10]
292,сдамдачуналето,[4]
293,ищуработутестировщиком,"[13, 14]"
294,новыйтелефонHonor,"[5, 12]"
295,куплюматрасбу,[]
296,ищусобакубигля,[3]
297,сдамгаражвцентре,"[9, 10]"
298,куплюноутбукAcer,"[5, 12]"
299,ищустудиюнадлительныйсрок,[21]
300,новыйдиванвналичии,"[5, 10]"
301,куплюстолобеденный,[7]
302,ищуврачатерапевта,"[3, 4]"
303,сдаюквартирусремонтом,"[3, 4]"
304,куплюмиксерBosch,[]
305,ищуподработкувечером,"[3, 6, 13]"
306,новаякурткамужская,[10]
307,куплютелевизорJVC,[5]
308,ищурепетиторапоинформатике,"[5, 15]"
309,сдамдомуморя,"[4, 8]"
310,куплюпланшетHuawei,"[5, 12]"
311,ищуработуменеджером,[9]
312,новыйноутбукDell,"[5, 12]"
313,куплюкреслокомпьютерное,[]
314,ищусобакуджекрассел,"[3, 13]"
315,сдамстудиюбезпосредников,"[4, 10, 13]"
316,куплювелосипедGiant,"[11, 14]"
317,ищуврачахирурга,"[3, 4, 10]"
318,новыйпылесосдоставка,"[5, 16]"
319,куплюайфон13,"[5, 10]"
320,сдамкомнатудлядевушки,"[4, 11, 14]"
321,куплюхолодильникновый,"[5, 16]"
322,ищуработуводителем,[9]
323,новыйдиванугловой,[5]
324,ищустудиюсмебелью,[9]
325,сдамдачунедорого,"[4, 8]"
326,куплюмикроволновкубу,[18]
327,ищусобакупуделя,"[3, 9]"
328,новыйтелевизорTCL,"[5, 14]"
329,куплюноутбукAsus,"[5, 12]"
330,ищуучителяфранцузского,[10]
331,ищурепетиторапоалгебре,"[5, 17]"
332,новаякухнявналичии,"[5, 10]"
333,куплюкомпьютерDell,"[5, 13]"
334,ищуработупродавцом,"[9, 13]"
335,куплютелевизорSharp,[]
336,ищусобакулайку,[7]
337,продамдиванбу,"[4, 6, 11]"
338,2024год,[]
339,ищуработупрограммистомудаленно,"[3, 9, 13, 23]"
340,"холодильниксломался,помогитесрочно","[11, 20, 28]"
341,АВТОМОЙКАРЯДОМ,[7]
342,телевизорLG55,[11]
343,МоскваIkeaдоставка,"[5, 10, 14]"
344,срочноищуквартирууметро,"[6, 10, 11, 18]"
345,"ноутбукневключается,чтоделать?","[7, 9, 20, 23]"
346,новыйстолIkeaдоставка,"[5, 9, 13]"
347,продаюкошкувхорошиеруки,"[6, 11, 12]"
348,Windows11незапускается,"[7, 12]"
349,продаюPlaystation5почтиновая,"[6, 17, 23, 26]"
350,квартирасремонтомимебелью,"[1, 6, 17, 18]"
351,"Avitoнеоткрывается,помогите","[5, 7, 13, 19]"
352,хочукупитьвелосипедбу,"[10, 16, 19]"
353,ищурепетиторапоматематике,[20]
354,сушидоставканочью,"[4, 6]"
355,нужнапомощьвпереездесрочно,"[11, 12]"
356,айфон14промакс,[5]
357,ищуключиотмашины,[8]
358,Сбербанкнеработаетбанкомат,"[8, 18]"
359,продаюкомодбуторг,"[4, 6, 11]"
360,куплюцветырозытюльпаны,"[5, 10, 14]"
361,хочузаказатьтаксиваэропорт,"[9, 17, 18, 21]"
362,ищудомвдеревненалето,"[3, 6, 7, 11, 12]"
363,куплюноутбукдляигр,"[12, 15]"
364,отдамдаромстарыйшкаф,"[5, 16]"
365,ищумастерапоремонтуноутбуков,[19]
366,автосервиспоблизости,[]
367,продаюiPhoneXR,"[6, 12]"
368,ищуквартирувМосквенедорого,"[4, 5, 12]"
369,собакапотеряласьнаулице,[]
370,ищуработуофициантомвечером,"[3, 9, 13, 19]"
371,подарюкотенкахорошимлюдям,"[6, 12, 13, 20]"
372,SamsungA54новый,"[7, 15]"
373,квартирастудиядолгосрочно,[14]
374,ИвановИванСергеевич,"[6, 10]"
375,ищуавтозапчастинаВАЗ,[3]
376,сломалсяпылесосSamsung,"[4, 8]"
377,срочнонуженмастер-сантехник,"[6, 11, 12]"
378,ищудешевыеавиабилеты,"[3, 10, 12]"
379,куплюбилетывтеатр,"[11, 12]"
380,новыйхолодильникдешево,"[5, 16]"
381,iPhone15Pro,[6]
382,ремонтобувирядом,"[6, 13]"
383,сдамкомнатустуденту,"[4, 13, 14]"
384,хочузаказатьсуши!,"[9, 12]"
385,"ноутбукзависаетчасто,чтоделать","[21, 24]"
386,ЯндексЕданеработает,[5]
387,ищузапчастинаВАЗ2107,[16]
388,ремонтiPhoneбыстро,"[6, 12]"
389,хочукупитьсамокатребенку,[19]
390,ищурепетиторапоанглийскому,[5]
391,сдаюквартирупосуточно,"[4, 12]"
392,доставкаедыМосква,[11]
393,продамкурткубу,"[4, 12]"
394,куплюколесазима,[5]
395,ремонткомпьютеровнедорого,"[6, 14, 17]"
396,продаюстулIkea,"[6, 10]"
397,автостеклозамена,[]
398,нуженмастерпомебели,[6]
399,куплюдетскуюколяску,[12]
400,продаюXboxSeriesS,"[6, 10, 16]"
401,хочукупитьмороженое,[10]
402,ремонтiPhoneМосква,"[6, 12]"
403,хочукофелатте,[]
404,"IKEAзакрылась,чтоделать?","[4, 14, 17]"
405,ищуподругудляобщения,"[3, 10, 13]"
406,срочнонуженрепетитор,"[6, 13]"
407,"потерялпаспорт,помогите","[7, 15]"
408,куплюдетскиевещи,"[5, 12]"
409,ремонтiPhoneсрочно,[6]
410,ищуавтоспробегом,"[3, 11]"
411,куплюiPhone12,"[5, 11]"
412,новыйдивандоставка,[5]
413,квартирасремонтомнедорого,"[1, 17]"
414,хочукупитьтелевизорSamsung,"[10, 18]"
415,срочнопродаювелосипедбу,"[6, 18, 21]"
416,ищустудентадляпомощи,"[10, 14]"
417,МоскваСбербанкбанкомат,[20]
418,ищумебельбунедорого,"[3, 9, 11]"
419,ноутбукAsusROG,"[7, 11]"
420,хочузаказатьпиццу,[9]
421,сдаюквартирунамесяц,[13]
422,ищудешёвыйтелефон,"[3, 10]"
423,продаммониторбу,"[4, 6, 12]"
424,ищуспециалистапоремонту,[]
425,куплюгитарунедорого,[11]
426,ищукнигупоистории,"[3, 8]"
427,старыйтелевизорработает,"[6, 20]"
428,куплюсамокатдетский,"[5, 11, 12]"
429,"ищусобаку,пропала","[3, 10]"
430,Аятанцуюпьяныйподдождём,[14]
431,"Курилитолькосиги,есличё","[2, 6, 12, 17]"
432,Нашобразжизнистанетпалачом,"[8, 15, 19]"
433,Нискольконежалеюниочём,"[9, 18]"
434,"Грустно,когдарасписанывсемаршруты","[8, 26]"
435,Когданачасахважныминуты,[4]
436,Ивсенасветесталокак-тоскучноиглупо,"[13, 17, 28, 29]"
437,"Мояшизазнает,когданажатьнаплей","[4, 6, 13, 24]"
438,"Неждименяродная,закрывайназамокдверь","[5, 9, 16, 19, 31]"
439,"Утродоброе,держименяфонарь","[4, 11, 16, 20]"
440,"Очкитёмные,спрячьтемнеглаза","[4, 11, 17, 19, 20, 22]"
441,"Солнцеяркое,прошусогрейменя","[7, 12, 17, 23]"
442,"Быловесело,ноябнеповторял","[6, 11, 15, 17]"
443,Якалендарьперевернул,"[10, 13]"
444,Исноватретьесентября,[12]
445,Нафотоятвоёвзгляну,"[1, 11]"
446,"Нопочему,нопочему","[2, 9, 11, 13]"
447,Расстатьсявсёженампришлось?,"[10, 11, 18]"
448,Ведьбыловсёунасвсерьёз,"[11, 13]"
449,Второгосентября,[7]
450,Журавлейбелыйклин,"[8, 13]"
451,Твоядочьимойсын—,[9]
452,Всехотяттеплотыиласки,"[8, 15]"
453,"Мывлюбовь,каквигру,","[2, 3, 10, 13]"
454,Нахолодномветру,"[1, 2, 10]"
455,Поигралистобой,[]
456,Нопришёлсамсобой,[5]
457,"Выцветшаятень,выжженнаяна","[6, 14]"
458,Городскомландшафтеменязовёт,[18]
459,Окнаянтарёмлижутмнеглаза,"[7, 11, 16]"
460,Кровьислепотаволокутвперёд,"[6, 9, 12, 20, 21]"
461,Лёгкиеопухли,[6]
462,Амороксквозьтолпу,"[12, 15]"
463,"Манит,игнорируяменя","[6, 12, 15]"
464,Толькобыдогнал,"[6, 8, 12]"
465,Яегопочтидогнал,"[4, 9]"
466,Телоисполняетсяогня,"[5, 15]"
467,"Сердцелупитмневгрудь,каквгонг","[11, 15, 21, 24, 25]"
468,Расползаясьпососудамраскатами,"[11, 20]"
469,Ветхийгородприменяетзакон,"[6, 20]"
470,Чтобыдваблизнецаоказалисьразъятыми,"[5, 7, 18]"
471,"Ядавлюсь,изрыгаяогонь","[9, 16]"
472,Глоткамивоздуха,"[5, 8]"
473,Наальвеолахраспятыми,[]
474,Вэтомстробоскопическомкино,"[1, 5]"
475,Длядостижениярубежа,[3]
476,"Мненехватаетдыхания,но","[6, 20]"
477,Япродолжаючтоестьмочибежать,"[1, 10, 13, 14, 17, 21]"
478,Толькоменябеспокоитодно,"[6, 10, 19]"
479,Лёгкиебудтопоеларжа,"[6, 11]"
480,Япродолжаюзанимбежать,"[1, 10, 15]"
481,"Яананас,ятакойжекакон","[8, 14, 17]"
482,Колючийвнутриисовсехсторон,"[7, 14]"
483,Нешутисомной,[2]
484,Ятропическийлев,"[1, 12]"
485,АркадийУкупник—кусающийлжец,"[7, 23]"
486,"Тот,ктовпятнадцатьлетубежализдома,","[4, 8, 18, 22, 29]"
487,"Врядлипойметтого,ктоучилсявспецшколе.","[3, 9, 17, 26, 27, 31]"
488,"Тот,укогоестьхорошийжизненныйплан,","[4, 9, 13, 20, 29]"
489,Врядлибудетдуматьочем-тодругом.,"[3, 6, 11, 17, 22, 24]"
490,"Мыпьемчайвстарыхквартирах,","[9, 16, 26]"
491,"Ждемлетавстарыхквартирах,","[7, 15, 25]"
492,"Встарыхквартирах,гдеестьсвет,","[7, 17, 20, 24, 29]"
493,"Газ,телефон,горячаявода,","[4, 12, 14, 19]"
494,"Радиоточка,пол-паркет,",[11]
495,"Санузелраздельный,домкирпичный,","[18, 23, 31]"
496,"Однасемья,двесемьи,трисемьи...","[10, 13, 19]"
497,"Многоподсобныхпомещений,","[5, 14]"
498,"Первыйипоследний-непредлагать,","[6, 7, 16, 17, 30]"
499,"Рядомсметро,центр...",[12]
500,"Всеговорят,чтомыв-месте...","[11, 16, 18]"
501,"Всеговорят,нонемногиезнают,вкаком.","[11, 13, 27, 28]"
502,Аизнашихтрубидетнеобычныйдым.,"[1, 8, 16, 25]"
503,Стой!Опаснаязона!Работамозга!..,"[5, 17]"
504,Пожалуйстанеумирай,[9]
505,Илимнепридетсятоже,[14]
506,Тыконечносразуврай,[9]
507,Аянедумаючтотоже,"[9, 12]"
508,Хочешьсладкихапельсинов,"[6, 13]"
509,Хочешьвслухрассказдлинный,[6]
510,Хочешьявзорвувсезвезды,"[6, 7]"
511,Чтомешаютспать,"[3, 9]"
512,Пожалуйстатолькоживи,"[14, 16]"
513,Тыжевидишьяживутобою,"[4, 11, 14]"
514,Моейогромнойлюбви,[12]
515,Хватитнамдвоимсголовою,"[9, 14]"
516,Хочешьмореспарусами,[6]
517,Хочешьмузыкновыхсамых,"[6, 11]"
518,Хочешьяубьюсоседей,"[7, 11]"
519,Хочешьсолнцевместолампы,"[6, 12, 13]"
520,ХочешьзаокошкомАльпы,"[6, 15]"
521,Хочешьяотдамвсепесни,"[7, 12]"
522,Протебяотдамвсепесни,"[7, 9, 12]"
523,"Яискалатебягодамидолгими,","[1, 9, 11, 17]"
524,Искалатебядворамитемными.,"[1, 6, 10]"
525,"Вжурналах,вкино,средидрузей.","[1, 4, 5, 10, 11, 16]"
526,"Вдень,когданашла,сумасошла.","[1, 6, 17]"
527,"Ты,совсемкаквосне,",[3]
528,"Совсемкаквальбомах,","[6, 9]"
529,Гдеярисовалатебягуашью.,"[6, 9, 14, 16]"
530,"Дальшебылизвонки,ночныебольше.","[6, 17, 23]"
531,"Слезы,нервы,любовьистрелкивПольше.","[6, 12, 19, 26, 27]"
532,"Дети,нонемои,старыезазнобы,","[5, 7, 9, 13, 19, 20, 22, 27]"
533,"Куришькаждыепять,мыусталиоба.","[2, 7, 12, 17, 19, 25]"
534,...годамидолгими.,"[3, 9]"
535,...ночамитемными.,[3]
536,"Искалатебядворамитемными,","[1, 6, 10]"
537,"Вжурналах,вкино,годамидолгими,","[1, 5, 10, 16, 19, 22, 30]"
538,"Искалатебяночами,чами,чами,чами...","[1, 6, 17, 22, 27]"
539,Большиегорода,"[7, 9]"
540,Пустыепоезда,[6]
541,Нибереганидна,[]
542,Всеначинатьсначала,[11]
543,Холоднаявойна,[]
544,Ивремякаквода,[6]
545,Оннесошелсума,[]
546,Тыничегонезнала,[]
547,Полковникуниктонепишет,"[9, 15, 17]"
548,Полковниканиктонеждет,"[9, 13, 15]"
549,Налинииогня,"[2, 7]"
550,Пустыегорода,[6]
551,Вкоторыхникогда,"[1, 8]"
552,Тыраньшенебывала,"[12, 13]"
553,Ирвутсяпоезда,[]
554,Натонкиеслова,"[8, 12]"
555,Ясижуисмотрювчужоенебоизчужогоокна,"[1, 5, 13, 18, 22, 24, 30]"
556,Иневижуниоднойзнакомойзвезды.,"[9, 14, 22]"
557,"Яходилповсемдорогамитуда,исюда,","[6, 12, 14, 20, 25]"
558,Обернулся-инесмогразглядетьследы.,"[20, 27]"
559,"Ноеслиестьвкарманепачкасигарет,","[7, 10, 31]"
560,Значитвсенетакужплохонасегодняшнийдень.,"[12, 13, 16, 34]"
561,"Ибилетнасамолетссеребристымкрылом,","[20, 27, 34]"
562,"Что,взлетая,оставляетземлелишьтень.","[4, 5, 12, 15, 21, 30]"
563,"Иниктонехотелбытьвиноватымбезвина,","[6, 8, 17, 26, 29]"
564,"Иниктонехотелрукамижарзагребать,","[6, 8, 16, 27]"
565,"Абезмузыкинамирусмертьнекрасна,","[4, 16, 22, 31]"
566,Абезмузыкинехочетсяпропадать.,"[4, 10, 19]"
567,"Призрачновсевэтоммиребушующем,","[12, 13, 17, 30]"
568,Естьтолькомиг-занегоидержись.,"[4, 10, 20]"
569,"Естьтолькомигмеждупрошлымибудущим,-","[4, 10, 13, 18, 26]"
570,Именноонназываетсяжизнь.,"[6, 12, 13, 18]"
571,"Вечныйпокойсердцеврядлиобрадует,","[6, 20]"
572,Вечныйпокой-дляседыхпирамид.,"[6, 12, 15, 20]"
573,"Адлязвезды,чтосорваласьипадает","[1, 4, 11, 14, 18, 23, 24]"
574,"Естьтолькомиг,ослепительныймиг.","[4, 10, 14, 27]"
575,"Пустьэтотмирвдальлетитсквозьстолетия,","[5, 11, 13, 17, 24]"
576,"Ноневсегдаподорогемнесним,","[2, 4, 9, 10, 18]"
577,"Чемдорожу,чемрискуюнасветея?","[3, 10, 19]"
578,"Мигомодним,толькомигомодним.","[11, 18, 19, 22]"
579,Счастьеданоповстречатьильбедуеще,"[7, 11, 18, 22, 25, 29]"
580,Естьтолькомиг-занегоидержись!,"[4, 10, 20]"
581,Волкиуходятвнебеса.,"[5, 11, 12]"
582,Горятхолодныеглаза.,"[5, 13]"
583,Приказаверитьвчудеса,"[4, 6, 13, 14]"
584,Непоступало.,[2]
585,"Икаждыйденьдругаяцель,","[7, 11, 22]"
586,"Тостеныгор,тогорыстен","[7, 11, 15]"
587,Иждётотчаянныхгостей,"[5, 14]"
588,Чужаястая.,[]
589,"Спиной,",[7]
590,Кветруивсёже,"[6, 7]"
591,Вырватьсяможет,[9]
592,Чья-тодуша.,"[3, 4, 6]"
593,"Спасёт,",[7]
594,Нонепоможет,"[2, 4]"
595,"Чувствуюкожей,",[8]
596,Пропащая.,[]
597,"Непомнятслов,невидятснов","[2, 13]"
598,Перерослисвоихотцов.,[14]
599,"И,кажется,рукабойцов","[2, 10]"
600,Колотьустала.,[6]
601,Позорислававихкрови,[14]
602,Хватаетсмертиилюбви,"[4, 13, 14]"
603,Носкольковолканекорми,[9]
604,Емувсемало.,"[3, 7]"
605,"Волкиуходят,","[5, 12]"
606,Волкиуходят...,[5]
607,"Всёизчегомоисомнениясотканы,тонко.","[3, 5, 9, 28]"
608,"Какойчудесныйдень,мояструитсялень","[5, 13, 18, 25]"
609,Награнипросветления,"[5, 7]"
610,Сияетшамбалаинежитсядуша,"[5, 13, 20]"
611,Внирваневоскресения.,[]
612,"О,каклегкомоивоспоминаниявыцвели","[2, 3, 13, 25]"
613,Ктоятакойипочемусбиваютсямысли.,"[5, 9, 10, 16]"
614,"Верхомназвезде,","[6, 15]"
615,"Вцепившисьвлучи,","[10, 11]"
616,Слунойнаповодке,[6]
617,Вночи,[1]
618,Верхомназвезде,[6]
619,"Несусьнавстречуветрам,","[2, 9]"
620,Кнесбывшейсямечте,[]
621,Иснам,[]
622,"О,жизнь,тыпрекрасна,","[2, 8, 20]"
623,"О,жизнь,тыпрекраснавполне.","[2, 8, 20]"
624,Бываешьнемногоопасна.О-е.,"[7, 14]"
625,"Возьмимоесердце,",[6]
626,"Храни,вспоминайобомне,","[6, 13, 15, 22]"
627,"Поверьмне,чтовсененапрасно.","[10, 13, 19]"
628,"Надлесом,рекой,","[3, 9]"
629,Потеряннавсегда,[]
630,Покой.,[]
631,Верхомназвезде.,[6]
632,Mitornodiaboloesta.,[]
633,Билетводинконец—,"[5, 10]"
634,Весна,[]
635,Исоздалэтотмир,[5]
636,Ясам,[]
637,Верьмне…,[]
638,Ямаленькаялошадка,"[7, 10]"
639,Имнеживётсянесладко,[]
640,Мнетруднонестимоюношу,"[9, 17]"
641,"Настанетдень,ияеёброшу","[4, 8, 13]"
642,Ностоюоченьмногоденег,"[6, 11, 16]"
643,Иявезусвоюбольшуюповозку,"[2, 6, 10, 17, 19]"
644,Стогонаэтотберег,"[6, 11]"
645,"Мнехочетсяплакать,мнехочетсясмеяться","[10, 18]"
646,"Мнехочетсяпрыгать,валятьсяибрыкаться","[13, 18, 26, 27]"
647,"Чтобыбылидрузьяили,хотябыодин","[5, 9, 19, 25]"
648,"Нояработаю,каквол,вмоейтележкекокаин","[11, 14, 18, 19, 23, 30]"
649,"Яумруоченьрано,иязнаюобэтом","[1, 5, 10, 15, 16, 21]"
650,"Можетбытьневесной,можетбытьраннимлетом","[5, 9, 18, 23, 27, 33]"
651,"Ялюблюслушатьпесни,икостранюхатьдым","[1, 6, 13, 19, 20, 32]"
652,"Нонельзямнеотвлекаться,явезукокаин","[9, 11, 13, 23, 24, 28]"
653,"Яусталаужасно,яхочуотдохнуть","[1, 4, 6, 14, 19, 21]"
654,Съестьмешковдесятьсенаинадолгоуснуть,"[6, 11, 12, 30]"
655,Яхочукперелётнымптицамвклинитьсявклин,"[6, 16, 20, 22, 23, 32, 33]"
656,"Ноработаважней,заспинойкокаин","[4, 15, 23]"
657,"Мнепротивноитрудно,нонельзяотступить","[11, 19, 21, 27]"
658,"Хотьихочетсяесть,хотьихочетсяпить","[4, 5, 12, 17, 21, 22]"
659,Мыкогда-нибудьзаэтовадскомпламенисгорим,"[6, 14, 20, 22, 33]"
660,"Новсёэтопотом,авданныймоменткокаин","[5, 8, 14, 22, 28]"
661,"Мнеобидно,икапаютслёзы","[10, 17]"
662,Когдамнеподногикидаютрозы,"[4, 6, 8, 15]"
663,Когдалюдинаулицахивокнахквартир,"[4, 18, 19, 24]"
664,Менявстречаютиустраиваютпирнавесьмир,"[4, 5, 35]"
665,Мнерадыдажемалыедети,"[7, 12, 16]"
666,Мнемашутдажедеревьевветви,"[4, 8, 19, 20]"
667,"Меняприветствуютвсе,все,какодин","[4, 20, 24]"
668,Япривезлаимновыймир,"[4, 11, 16]"
669,Япривезлакокаин,[4]
670,ВпиласьзанозойвсердцемоестрелаКупидона,"[1, 14]"
671,Хочетсявытащитьиникогданедуматьобэтом,"[7, 15, 16, 31]"
672,Больнестерпимаимнедосихпорбыланезнакома,"[13, 16, 23]"
673,Солнцебезжалостновыжглоглазасвоимяркимсветом,"[6, 9, 15, 17, 20]"
674,"Однаонаповсюду,гдебынескрылсяя","[6, 15, 18, 20]"
675,Вовсехглазахилицахтолькооднаона,"[6, 16, 18, 24]"
676,"Большенетместа,гдебыямогзализыватьраны","[6, 9, 13, 15, 18, 30]"
677,Крыльяразбитыителомоевовластигангрены,"[6, 13, 14, 21, 27]"
678,"Силбольшенет,нетсна,лишьстрахпостоянный","[3, 9, 13, 20, 26, 29]"
679,Лишьголоствойвмоейголовеибелыестены,"[4, 13, 14, 18, 24, 25, 30]"
680,Лишьоднаона,[4]
681,ВпилосьзанозойвсердцемоестрелаКупидона,"[1, 14]"
682,Злобныйуродецникакнеоставитвпокое,"[7, 16, 20, 27, 28]"
683,"Пустьбудетбольно,силынайдуивыдернускорнем","[5, 10, 17, 24, 26, 27]"
684,"Новаяжизнь.Нужнопонять,чтоэтотакое","[11, 16, 23, 26, 28]"
685,Лишьона,"[4, 6]"
686,Жизньиногдавыпускаетжало,"[6, 20, 21]"
687,"Стираяпрошлое,словновирус","[6, 14, 18, 21, 22]"
688,Икхоккеистуженасбежала,"[14, 19]"
689,Инаработеполнешийминус,"[9, 17]"
690,Нонашгерой–несдаётся,"[7, 10]"
691,"Слезыутри,","[5, 10]"
692,Пожизниидётисмеётся,"[11, 12]"
693,"Вотон,смотри",[6]
694,Онсамыйсчастливыйизнас,"[7, 17]"
695,Избранныйнебесами,[9]
696,ОнВам–нестарыйбаркас,"[2, 14]"
697,Афрегатспарусами,[]
698,Вчёмжепричинатогда?,[]
699,Триобычныестрочки,"[3, 10]"
700,Ждутегодомавсегда,[7]
701,Егопапиныдочки,"[3, 9]"
702,Онпомогаетдобрымсоветом,"[2, 10, 16]"
703,Имудрымсловомонлечитдуши,"[7, 20]"
704,"Навсевопросы,онзнаетответы","[13, 20]"
705,"Всегдаподскажет,каксделатьлучше","[5, 16, 19, 26]"
706,Ачтоегождётвпереди?,"[4, 11, 12]"
707,Тамвсёнетакгладко,[3]
708,Новсёжеонпобедит,"[7, 9]"
709,Парень–загадка,[6]
710,Поминутамосыпается,[7]
711,Ожиданиеневозможного,"[8, 10]"
712,Раннимутромпросыпается,[]
713,Отдвижениянеосторожного.,"[10, 12, 16]"
714,Какмолчаниеледянойзимы,"[3, 11, 18]"
715,"Насзакуталонеизвестностью,","[11, 13]"
716,"Здесьтакдолгодругдругаискалимы,","[8, 31]"
717,"И,конечно,пропалибезвести","[2, 10, 17, 20]"
718,Простится,[]
719,"Нетусил,закрываю,",[8]
720,"Яглазазакрываю,",[7]
721,Сквозьтумануплываю,[]
722,Поаллеямстолицы,[7]
723,Запотерейпотеря,"[1, 9]"
724,Игодаполетели,[4]
725,Задождямиметели,[]
726,Перелетныептицы,[10]
727,Тольконочьюнемогууснуть,"[6, 11, 17]"
728,Странныйхолодвсердцепрячется,[8]
729,Чтослучилось?–скажитемнекто-нибудь,[3]
730,Толькоосеньвокномнерасплачется,"[6, 11, 12, 17]"
731,Вподоконникмойбьютсягорошины,"[1, 11, 14, 22]"
732,"Тишину,разбиваявесельем,","[7, 15]"
733,Умиралидавнопонемножкумы,"[3, 7, 14, 17]"
734,"И,наверное,былоспасение","[2, 11]"
735,Времясмотритспокойноспрезрением,"[7, 20]"
736,Выменяужеверноневспомните,"[6, 14, 16, 17]"
737,Опоздавшееходитпрозрение,"[5, 10, 15]"
738,Помоейгладковыбритойкомнате,"[6, 20]"
739,Недосказаноинедослушенно,"[6, 11, 12]"
740,Сердцебьетсядругимивершинами,"[6, 19]"
741,"Значитвсебезнадежноразрушено,","[12, 19]"
742,"Нузачемже,зачемпоспешилимы","[10, 15]"
743,"Помню,помнюякакмывстретилисьстобою","[6, 12, 15, 17, 18]"
744,"Былконецдня,тыспросилауменясигареточку","[3, 8, 12, 23, 29, 33]"
745,"Яподумал,чтозафигня","[1, 6, 9, 13]"
746,"Сигареткаосталасьвсегоодна,нуладнона...","[12, 22, 27]"
747,Мыпрожилипятнадцатьлет,"[2, 9, 19]"
748,Новоттеперьтыушлатебянет.,"[3, 19, 21]"
749,Нотыушлавсвоеморанжевомплаще,"[4, 9]"
750,"Нутыдаешьвообще,нутыдаешьвообщеблин!","[4, 9, 16, 20, 25, 31]"
751,Нотыушлаинесказала:яскоровернусь,"[4, 9, 15, 16, 19, 24]"
752,"ЧёжетыделаешьЛюсь,как-жеябудуодин","[6, 13, 18, 22, 25, 29]"
753,"Помню,помнюякакпоулицевесенний,","[6, 15, 17]"
754,"Ястобойгулял,мыкупилибанкупиваидвухлещей","[7, 13, 21, 31]"
755,"Тыбыламолода-красива,","[2, 18, 21]"
756,Ипохожанаапельсинавсвоемновомплаще,"[1, 19, 24]"
757,"Иялюбилтебякаксвою,вотитеперьотебеяпою!","[2, 11, 19, 25, 29, 35]"
758,"Помню,помню,какядарилтебе,чтопопросишь","[6, 12, 13, 21, 26, 29]"
759,"Нокакойжедуракябыл,если-бзнал,чтотыменябросишь","[7, 15, 19, 24, 26, 30, 33, 35]"
760,"Сэкономилбы,иялюбилтебяобожал","[12, 14, 19, 23, 27]"
761,"Нуатымневспинукинжал,охнесладкомне","[6, 8, 9, 16, 18, 21, 29]"
762,"Япригрелнагрудизмею,вотитеперьотебеяпою!","[20, 26, 30, 36]"
763,"Ясмотрюнатебя,",[]
764,"Втелевизореты,аянадиване.","[1, 6, 14]"
765,"ВгородеNдожди,","[1, 3, 7, 8]"
766,Замыкание+бах!ивсталитрамваи,"[9, 10, 14, 15, 25]"
767,Травмачерепно-мозговаямоялюбовь!,"[22, 25]"
768,"По-по-понаконаплю,иктебедоплыву,долечу,доеду","[18, 22, 32, 39]"
769,"Рядомстобойпоселюсь,тыбудешьрадатакомусоседу!","[5, 11, 20, 22, 33, 38]"
770,"МыизРоссиинародпростой,ятесразускажуЗдорово!","[2, 4, 15, 23, 28, 36]"
771,"АтыулыбнёшьсяискажешьмнеЯтакждалатебя,Вова!","[6, 13, 14, 21, 24, 31, 38]"
772,"Ятакждалатебя,Вова!","[5, 14]"
773,"Втелевизореты,аянадиване","[1, 6, 14]"
774,"ВгородеNзима,","[1, 3, 7, 8]"
775,Скоровыходывсеивходызавалит,"[14, 15, 20, 23]"
776,"Нуяпридубезкрика,безшума,","[3, 6, 8, 17, 20]"
777,"Нунайдукакой-нибудьповод,","[5, 19]"
778,"СкажуНуздравствуй,Ума,","[5, 12, 18]"
779,"ОнаскажетНуздравствуй,Вова.","[9, 16, 22]"
780,Нунадокак-тоотношениязавязывать,"[7, 12, 21, 22, 27, 28]"
781,ЯскажуНукактытутвообщеживаздорова-то?,"[6, 18, 25]"
782,"Онаскажет:'А,вообще,Володька,хреново!'","[6, 10, 13, 20, 29]"
783,Иначнётрассказывать.,[15]
784,"Вот,-скажет,-вчера,кпримеру,приходилТарнтино","[4, 12, 19, 28, 36]"
785,"Нажрался,говорит,исталприставатькомне,здоровеннаядетина.","[3, 9, 17, 27, 32, 38, 49, 52]"
786,ЯтогдаемутакстрогосказалаКвентин!,"[5, 18, 23]"
787,"Может,тыконечно,говорит,инезаметил,","[6, 16, 24, 25]"
788,"Новообще-тояждуВолодькуизРоссии,","[9, 15, 23, 25]"
789,"Атебя,говорит,вообщезаходитьнепросили","[6, 14, 28]"
790,"Воттакаябатва,прикинь?","[1, 14]"
791,Бываетнедосмеха,[6]
792,"Вобщем,былотруднобезтебя,Вован.","[1, 7, 17, 20, 25]"
793,"Хорошо,чтоприехал",[7]
794,"Жил-былнасветеАнтонГородецкий,","[4, 14, 19]"
795,"Бросилажена,онгрустилнепо-детски.","[12, 21, 23]"
796,Пришёлкколдунье:'Ану-канаколдуймне!',"[7, 16, 31]"
797,"'Легко,мойхороший,толькохлопнувладоши,","[7, 10, 18, 24, 30, 38]"
798,"Иженавернётся,оттогоотвернётся,","[7, 14, 20]"
799,Ималенькаяжизньвнутринеёоборвётся.',"[10, 15, 16, 21, 24]"
800,Новдругналетелинаведьмутени,[3]
801,"Привидений,говорят:'Небыватьпреступленью'","[3, 11, 24, 25, 28]"
802,"Нучтожеты,чтотыпотупилавзор?","[2, 10, 15, 24]"
803,"Сдавайся,ведьма–«НочнойДозор».","[9, 23]"
804,"Итреснулмирнапополам,дымитразлом,","[8, 15, 21, 33]"
805,"Ильётсякровь,идётвойнадобрасозлом.","[7, 13]"
806,"Имеркнетсвет,вуглахпаукплетётузор,","[5, 13, 14, 23, 34]"
807,Потёмнымулицамлетит«ночнойдозор».,"[8, 12, 14, 26]"
808,"ИпонялАнтоха,чтопоступилплохо,","[1, 6, 13, 16, 24, 30]"
809,"Ито,чторазвелаегоколдунья,каклоха.","[4, 7, 17, 26, 27]"
810,"Носила«иного»вантоновомвзоре,","[5, 14, 23, 24, 29]"
811,"Азначит,онбудетработатьв«дозоре».","[8, 10, 23, 24]"
812,"Годыпрошли,Городецкийнетужит,","[4, 11, 21, 23]"
813,"Водочкуглушит,свампирамидружит.","[7, 14, 24]"
814,Начальникхороший–мудрейшийГесер,"[9, 16, 26]"
815,Былзам.министромinUSSR.,"[3, 4, 7, 16]"
816,"Новотвызывают,нужноехатьскорее,","[3, 5, 14, 20]"
817,Вампир-парикмахерсподружкойсвоею,"[13, 27]"
818,"Влоговоксебезаманилиподростка,","[13, 20, 30]"
819,Решилипоужинатьподлоипросто.,"[6, 8, 15]"
820,"Антохауспел,завязаласьдрака,","[5, 12, 22]"
821,"Согромнымтрудом,новсёжубилвурдалака,","[9, 16, 18, 26]"
822,"Ножницамибылтяжелораненвбою,","[6, 9, 12, 23, 24]"
823,"Присмертибыл,можносказатьнакраю.","[8, 9, 13, 18, 25]"
824,"НодобрыйГесереговылечилбыстро,","[8, 16, 30]"
825,"Ещебы,абыкогонеберутвзамминистры.","[6, 13, 17, 20, 24]"
826,"Адальше-бедазабедой,какпонотам:","[8, 20, 23, 28]"
827,"Вороназалетелавтурбинусамолёта,","[1, 5, 7, 13, 15, 31]"
828,"Натеплоцентраличего-товзорвалось,","[23, 27, 33]"
829,"АСветавиновнавовсёмоказалась,",[5]
830,"Но,встретивкрасавцаАнтона,влюбилась,","[3, 4, 26, 27]"
831,Иразрушениеостановилось.,"[11, 18]"
832,НозлойЗавулониз«дозорадневного»,"[6, 13, 15]"
833,СделализсынаАнтона«иного».,"[5, 8, 17]"
834,Икаксэтимсправитсянашгерой?,[19]
835,Всенапросмотркартинывторой!,"[5, 20]"
836,"Вгазетахписали,чтотыуезжаешь,","[6, 15, 29]"
837,"Чторейснеотменят,чторейснеотложат.","[6, 9, 11, 17, 20, 23, 26]"
838,"Какие-толюдитебяокружают,","[5, 8, 16]"
839,"Аближе,чембыли-уженевозможно.","[7, 10, 14, 15, 18, 20]"
840,"Вкрасивыхжурналахсчитаютпунктиры,","[9, 13]"
841,Ая-доквартирывечернеесальто.,"[13, 21, 23]"
842,"Икривятсягубы,икофепротивен,","[14, 15, 19]"
843,"Иновоеутро,иновое'неттебя...'","[1, 6, 11, 12, 17, 21]"
844,Япоасфальтушагаю,"[1, 3, 7]"
845,"Стем,когосберечьнесмогу.","[5, 9]"
846,"Доостановкитрамвая,","[11, 12, 19]"
847,Звенящегонабегу.,[10]
848,"Вгазетахписали,чтоты-идиотка,","[6, 15, 21, 24]"
849,Вовсёмвиноватапроклятаяводка.,"[6, 11, 23]"
850,"Ругаешьсяматом,ипесеннепишешь,","[15, 16, 21, 23, 30]"
851,"Тебяокружаютнелюди,амыши.","[12, 19]"
852,Такоеневыдуматьдаженарошно.,"[5, 7, 12, 15]"
853,"Аякаждыйвечерползудоквартиры,","[8, 29]"
854,"Иближе,чембыли-уженевозможно.","[7, 10, 14, 15, 18, 20]"
855,"Измученныйдорогой,явыбилсяизсил.","[10, 18, 19, 26, 28]"
856,Ивдомелесникаяночлегапопросил.,"[1, 2, 12, 17, 23]"
857,Сулыбкойдобродушнойстарикменявпустил.,"[8, 19, 23, 25, 29, 30]"
858,Ижестомдружелюбнымнаужинпригласил.,"[7, 18, 24]"
859,"Будькакдома,путник,янивчёмнеоткажу,","[7, 12, 19, 22, 26, 28]"
860,"Янивчемнеоткажу,янивчёмнеоткажу!","[7, 9, 12, 16, 19, 20, 25, 27]"
861,"Множествоисторий,кольжелаешь,расскажу,","[7, 17, 21, 29]"
862,"Кольжелаешь,расскажу,","[4, 6, 12, 17]"
863,"Кольжелаешь,расскажу!","[4, 6, 12, 17]"
864,"Наулицетемнело,сиделязастолом.","[15, 21, 22]"
865,"Лесниксиделнапротив,болталотом,осём.","[20, 31]"
866,"Чтонетсредиживотныхустарикаврагов,","[3, 11, 19, 34]"
867,Чтонравитсяемуподкармливатьволков.,"[14, 17, 27]"
868,Иволкисрединочизавылиподокном.,"[6, 14, 16, 21]"
869,Старикзаулыбалсяивдругпокинулдом.,"[6, 7, 11, 16, 17, 18, 22, 25, 29]"
870,Новскоревозвратилсясружьёмнаперевес:,"[8, 36]"
871,"'Друзьяхотятпокушать,пойдём,приятель,влес!'","[7, 12, 21, 28, 37]"
872,Яшёлксебедомой,[7]
873,Яшёлпомокрымлужам,"[4, 12]"
874,Поскользкоймостовой,[11]
875,Ногамиснегутюжил,[3]
876,Амокрыйснегпадал,[7]
877,Аяшёлдомой,[5]
878,Позимнемусаду,"[2, 9]"
879,Попустоймостовой,[8]
880,Оншёлсомнойрядом,[11]
881,Шпионилзамной,"[5, 8]"
882,Следилзамнойвзглядом,"[6, 7, 12, 17]"
883,Бесшумныйконвой,[9]
884,Ивотястою,[]
885,Накраюснегопада,[11]
886,Снебападаетснег,[]
887,Значитнебутакнадо,"[6, 8]"
888,Вэтотрудноповерить,"[1, 10]"
889,Явернулсядомой,[9]
890,Тыоткрыламнедвери,[]
891,Снегвошёлвследзамной,"[4, 9, 10, 14]"
892,Ивдругснеграстаял,[2]
893,Увиделтебя,[3]
894,Напорогеостались,"[1, 4, 8]"
895,Толькокаплидождя,[]
896,Насуноситрека,[4]
897,Плавныхвёселволнами,"[7, 12]"
898,Словнокто-тооткрыл,"[7, 12, 15]"
899,Всенебесныекраны,[11]
900,Мыстоимнакраю,[]
901,Накраюводопада,[6]
902,Снебальётсявода,[11]
903,Заморямиестьлимоновыйсад,"[12, 21]"
904,Янайдулимонибудурад,"[4, 8, 12, 16]"
905,Нотебенедамнесмейменявинить,"[17, 21]"
906,Посмотритедочегоонхорош,"[10, 16, 18]"
907,Нонадорогетыегоненайдешь,"[13, 20]"
908,Попробуйсделайсамнебудуятебяучить,"[2, 14, 17, 19, 24, 28]"
909,Растутлимонынавысокихгорах,"[12, 21]"
910,Накрутыхберегахдлякрутых,"[8, 15, 18]"
911,Корочетынедостанешь,[8]
912,Явижуцельязалимономдотянутьсяхочу,"[1, 5, 19]"
913,Язалимономлечуикрутизнойнаслаждаюсь,"[3, 5, 10, 14, 19, 24]"
914,СтранаЛимониястранабеззабот,"[6, 22]"
915,ВстрануЛимониюведетподземныйход,"[7, 14, 19, 28]"
916,Найтипопробуйсамнебудуятебяучить,"[7, 13, 16, 18, 23, 27]"
917,Труднадорогаиповсюдуобман,"[13, 18, 20]"
918,Ночтобнесбитьсяуменяестьплан,"[15, 16, 20, 24]"
919,Ноятебенедамнесмейменявинить,"[5, 12, 18, 22]"
920,СтрануЛимониюищусдавнихпор,"[6, 13, 20, 23]"
921,Мненадоелвечнозеленыйпомидор,"[14, 21]"
922,Еготыкушайсамнесмейегосомнойделить,"[5, 13, 19, 22, 28]"
923,Несмейегосомнойделить,"[2, 6, 15]"
924,"Выйдунаулицу-солнцанема,","[3, 6, 7, 18, 24]"
925,Парнимолодыесвелименясума.,"[5, 12, 17]"
926,"Выйдунаулицу,глянунасело,-","[3, 6, 7, 13, 19]"
927,"Девкигуляют,имневесело.","[5, 12]"
928,"Матушкародная,водицымнедай,","[6, 14, 20]"
929,Сердцемоетакикидаетвжар.,"[6, 13, 19, 20]"
930,"Раньшеягулялавзеленомсаду,","[7, 12, 14, 26]"
931,Думаланаулицувекнепойду.,"[5, 8, 13, 16, 18]"
932,Атеперьподвечеражпяткигорят-,"[7, 22]"
933,Ноженькирезвыевпляскухотят.,"[8, 14, 15]"
934,"Япойдунаулицу,кдевкампойду,","[7, 14, 15, 21, 27]"
935,Голосомзвонкимяимподпою.,"[7, 13, 17, 20]"
936,"Матушка,слышишь,соловушекпоет,","[8, 16, 25]"
937,"Атам,подгорою,пляскаидет-","[5, 14]"
938,"Девкиголосистыезвонкопоют,","[5, 15, 21]"
939,Мнедамолоденькойспатьнедают.,"[16, 21]"
940,"Теплоеместо,ноулицыждут","[6, 12, 14, 19]"
941,Отпечатковнашихног.,[15]
942,Звезднаяпыль-насапогах.,"[8, 13]"
943,"Мягкоекресло,клетчатыйплед,","[6, 13, 22]"
944,Ненажатыйвовремякурок.,[9]
945,Солнечныйдень-вослепительныхснах.,"[9, 14, 28]"
946,"Группакрови-нарукаве,","[11, 21]"
947,"Мойпорядковыйномер-нарукаве,","[3, 13, 19]"
948,"Пожелаймнеудачивбою,пожелаймне:","[5, 7, 15, 16, 20, 27]"
949,"Неостатьсявэтойтраве,","[2, 10, 11, 16]"
950,Неостатьсявэтойтраве.,"[2, 10, 11, 16]"
951,"Пожелаймнеудачи,пожелаймнеудачи!","[5, 7, 16, 18, 23, 26]"
952,"Иестьчемплатить,ноянехочу","[5, 16, 18, 19, 21]"
953,Победылюбойценой.,"[6, 11]"
954,Яникомунехочуставитьногунагрудь.,"[7, 20]"
955,"Яхотелбыостатьсястобой,","[6, 8, 23]"
956,"Простоостатьсястобой,","[6, 14, 21]"
957,Новысокаявнебезвездазоветменявпуть.,"[9, 10, 12, 15, 25, 29, 30]"
958,"Ночькоротка,цельдалека,","[6, 12, 16]"
959,"Ночьютакчастохочетсяпить,","[5, 13, 20]"
960,"Тывыходишьнакухню,","[2, 11]"
961,"Новодаздесьгорька,",[5]
962,"Тынеможешьздесьспать,","[2, 4, 10]"
963,Тынехочешьздесьжить.,"[2, 10, 15]"
964,"Доброеутро,последнийгерой!","[6, 11, 20]"
965,"Доброеутротебеитаким,какты,","[6, 21]"
966,"Доброеутро,последнийгерой.","[6, 11, 20]"
967,"Здравствуй,последнийгерой!","[11, 20]"
968,"Тыхотелбытьодин,этобыстропрошло,","[7, 11, 16, 25, 26]"
969,"Тыхотелбытьодин,нонесмогбытьодин,","[7, 11, 16, 18, 28]"
970,"Твояношалегка,нонемеетрука,","[6, 14, 16, 18]"
971,Итывстречаешьрассветзаигройвдурака.,"[3, 4, 8, 13, 20, 27, 28]"
972,"Утромтыстремишьсяскорееуйти,","[17, 22]"
973,"Телефонныйзвонок,каккоманда'Вперед!'","[10, 17, 20, 29]"
974,"Тыуходишьтуда,куданехочешьидти,","[2, 9, 14, 26, 31]"
975,"Тыуходишьтуда,нотебятамниктонеждет!","[2, 9, 14, 16, 21, 26, 28]"
976,Яидупоулицевзеленомпиджаке.,"[1, 4, 6, 11, 12, 19]"
977,Мненравятсямоиботинки.,"[13, 14]"
978,Аещекрасивыйгалстукуменя.,"[12, 20]"
979,"Ягладилбрюкидвачаса,","[12, 20]"
980,Впарикмахерскойсиделсутра.,"[1, 15]"
981,"Ивотидуяпоулице,одиня.","[8, 10, 16]"
982,Поулицеидуя.,"[7, 8]"
983,Поулицеодин.,[7]
984,Умоегоприятеляестьновыепластинки.,"[10, 14, 18, 23]"
985,Иязайдувкафеивыпьючашкукофе.,"[5, 12, 13, 23]"
986,Апотомпойдукнему.,"[1, 12]"
987,ИвзеркалахвитринятакпохожнаБодиХоли.,"[4, 6, 13, 18, 20, 26, 27, 31]"
988,Папаскородастсвоюмашинупокататьсямне.,"[18, 23]"
989,Идуя.,[]
990,Поулицеодиня.,[7]
991,Идуяпоулицеодин.,"[4, 6, 11]"
992,Весна-постоянныйнасморк.,"[16, 18]"
993,Весна-солнцесветитопять.,"[7, 19]"
994,Ияпромочилноги.,"[2, 10]"
995,Весна-ияопятьидугулять.,"[8, 13, 14]"
996,Весна-янемогуусидетьдома.,"[7, 13, 20]"
997,Весна-ялюблювесну.,"[7, 12]"
998,Очемпоютвмоемдворекошки?,"[4, 8, 9, 13, 18]"
999,"Нет-нет-нет-нет,",[11]
1000,Янеусну.,"[1, 3]"
1001,Весна-яуженегреюпио.,[7]
1002,Весна-скоровырастеттрава.,[20]
1003,"Весна-выпосмотрите,каккрасиво.","[4, 6, 19]"
1004,Весна-гдемояголова?,"[4, 7, 9, 12, 17]"
